{
  "corpus": {
    "name": "adgm"
  },
  "corpus_statistics": {
    "num_passages": 13015,
    "num_documents": 40,
    "passage_length_tokens": {
      "mean": 64.22166730695352,
      "median": 42,
      "min": 1,
      "max": 24312,
      "stdev": 273.693417513768
    },
    "passage_length_chars": {
      "mean": 404.22812139838646,
      "median": 262,
      "min": 4,
      "max": 152049,
      "stdev": 1707.002559940232
    },
    "sentences_per_passage": {
      "mean": 2.691817134076066,
      "median": 1,
      "min": 1,
      "max": 1241,
      "stdev": 12.995249449788913
    },
    "passage_length_histogram": {
      "0-10": 2053,
      "10-50": 5476,
      "50-100": 3643,
      "100-200": 1419,
      "200+": 424
    },
    "doc_passages_histogram": {
      "1": 0,
      "2-10": 1,
      "11-100": 16,
      "101-1000": 19,
      "1000+": 4
    },
    "vocabulary": {
      "size": 26750,
      "type_token_ratio": 0.032003541326442106,
      "avg_chars_per_token": 6.29426388863964
    }
  },
  "crossref_statistics": {
    "num_edges": 1982,
    "unique_source_passages": 1300,
    "unique_target_passages": 1146,
    "unique_paired_passages": 2324,
    "within_vs_cross_doc": {
      "within_doc": 917,
      "cross_doc": 1065,
      "within_ratio": 46.27
    },
    "degree_statistics": {
      "out_degree": {
        "mean": 1.5246153846153847,
        "median": 1.0,
        "min": 1,
        "max": 32
      },
      "in_degree": {
        "mean": 1.7294938917975566,
        "median": 1.0,
        "min": 1,
        "max": 67
      }
    },
    "components": {
      "num_components": 614,
      "largest_component_size": 176,
      "component_sizes": [
        176,
        7,
        3,
        8,
        34,
        2,
        2,
        2,
        8,
        2,
        11,
        3,
        2,
        25,
        14,
        3,
        2,
        2,
        36,
        2,
        14,
        3,
        2,
        3,
        3,
        6,
        2,
        32,
        2,
        3,
        2,
        4,
        126,
        2,
        2,
        3,
        10,
        2,
        5,
        2,
        2,
        2,
        4,
        6,
        4,
        3,
        7,
        2,
        2,
        2
      ]
    },
    "coverage": {
      "source_passage_coverage_pct": 9.99,
      "target_passage_coverage_pct": 8.81,
      "any_passage_coverage_pct": 17.86
    }
  },
  "benchmark_statistics": {
    "pipeline_by_method_persona": {
      "DPEL_basic": {
        "method": "DPEL",
        "persona": "basic",
        "pipeline": {
          "generated": 445,
          "keep": 99,
          "judge": 262,
          "judged_keep": 21,
          "final": 117
        },
        "attrition_rates_pct": {
          "generated_to_keep": 77.8,
          "judge_to_judged_keep": 92.0,
          "overall": 73.7
        },
        "question_length": {
          "median": 46,
          "mean": 46.63370786516854,
          "min": 25,
          "max": 78
        },
        "answer_length": {
          "median": 176,
          "mean": 177.91685393258427,
          "min": 125,
          "max": 258
        },
        "lexical_diversity": {
          "unique_tokens_questions": 3358,
          "unique_tokens_answers": 8680
        }
      },
      "DPEL_professional": {
        "method": "DPEL",
        "persona": "professional",
        "pipeline": {
          "generated": 515,
          "keep": 157,
          "judge": 294,
          "judged_keep": 27,
          "final": 173
        },
        "attrition_rates_pct": {
          "generated_to_keep": 69.5,
          "judge_to_judged_keep": 90.8,
          "overall": 66.4
        },
        "question_length": {
          "median": 52,
          "mean": 53.13980582524272,
          "min": 30,
          "max": 86
        },
        "answer_length": {
          "median": 186,
          "mean": 186.05631067961164,
          "min": 120,
          "max": 254
        },
        "lexical_diversity": {
          "unique_tokens_questions": 4128,
          "unique_tokens_answers": 9647
        }
      },
      "SCHEMA_basic": {
        "method": "SCHEMA",
        "persona": "basic",
        "pipeline": {
          "generated": 618,
          "keep": 154,
          "judge": 368,
          "judged_keep": 32,
          "final": 169
        },
        "attrition_rates_pct": {
          "generated_to_keep": 75.1,
          "judge_to_judged_keep": 91.3,
          "overall": 72.7
        },
        "question_length": {
          "median": 42.0,
          "mean": 42.34789644012945,
          "min": 19,
          "max": 71
        },
        "answer_length": {
          "median": 166.0,
          "mean": 167.6990291262136,
          "min": 121,
          "max": 229
        },
        "lexical_diversity": {
          "unique_tokens_questions": 3505,
          "unique_tokens_answers": 8943
        }
      },
      "SCHEMA_professional": {
        "method": "SCHEMA",
        "persona": "professional",
        "pipeline": {
          "generated": 621,
          "keep": 153,
          "judge": 367,
          "judged_keep": 28,
          "final": 155
        },
        "attrition_rates_pct": {
          "generated_to_keep": 75.4,
          "judge_to_judged_keep": 92.4,
          "overall": 75.0
        },
        "question_length": {
          "median": 50,
          "mean": 51.05475040257649,
          "min": 25,
          "max": 104
        },
        "answer_length": {
          "median": 171,
          "mean": 172.74557165861515,
          "min": 132,
          "max": 221
        },
        "lexical_diversity": {
          "unique_tokens_questions": 4039,
          "unique_tokens_answers": 9168
        }
      }
    },
    "pipeline_by_method": {
      "DPEL": {
        "generated": 960,
        "keep": 256,
        "judge": 556,
        "judged_keep": 48,
        "final": 290
      },
      "SCHEMA": {
        "generated": 1239,
        "keep": 307,
        "judge": 735,
        "judged_keep": 60,
        "final": 324
      }
    },
    "final_overall": {
      "total": 614,
      "train": 429,
      "dev": 92,
      "test": 93,
      "question_length": {
        "median": 49.0,
        "mean": 50.02931596091205,
        "min": 21,
        "max": 104,
        "stdev": 10.742232089534363,
        "count": 614
      },
      "answer_length": {
        "median": 179.0,
        "mean": 181.18729641693812,
        "min": 121,
        "max": 258,
        "stdev": 19.595562507959492,
        "count": 614
      },
      "persona_counts": {
        "basic": 286,
        "professional": 328
      },
      "method_counts": {
        "DPEL": 290,
        "SCHEMA": 324
      },
      "num_personas": 2,
      "num_methods": 2,
      "question_types": {
        "other": 322,
        "when": 211,
        "where": 41,
        "what": 16,
        "how": 23,
        "who": 1
      },
      "duplicate_questions": {
        "total_questions": 614,
        "unique_questions": 614,
        "duplicate_questions": 0,
        "duplicate_instances": 0,
        "dup_rate_pct": 0.0
      }
    },
    "final_by_method": {
      "DPEL": {
        "total": 290,
        "train": 203,
        "dev": 43,
        "test": 44,
        "question_length": {
          "median": 52.0,
          "mean": 52.48620689655172,
          "min": 25,
          "max": 86,
          "stdev": 10.346663341869537,
          "count": 290
        },
        "answer_length": {
          "median": 188.0,
          "mean": 188.49310344827586,
          "min": 131,
          "max": 258,
          "stdev": 19.67596378551545,
          "count": 290
        },
        "persona_counts": {
          "basic": 117,
          "professional": 173
        },
        "num_personas": 2,
        "question_types": {
          "other": 164,
          "when": 86,
          "where": 27,
          "how": 11,
          "what": 2
        },
        "duplicate_questions": {
          "total_questions": 290,