{
  "file": "outputs/rag/dpel_elim_e5_k4_gpt4o_full.jsonl",
  "total_items": 115,
  "ok_items": 115,
  "f1_mean": 0.39395068502212455,
  "rouge_l_f1_mean": 0.2834810809818638,
  "use_llm_judge": true,
  "judge_model": "gpt-4o-mini",
  "gpt_answer_relevance_mean": 4.304347826086956,
  "gpt_answer_faithfulness_mean": 3.2782608695652176,
  "use_nli": true,
  "nli_model": "cross-encoder/nli-deberta-v3-small",
  "nli_entailment_mean": 0.22261809602009072,
  "nli_contradiction_mean": 0.039029204099125886,
  "reused_items": 115,
  "fresh_items": 0
}