{
  "k": 10,
  "num_queries_eval": 248,
  "metrics": {
    "recall_10": 0.7903225806451613,
    "map_cut_10": 0.550740047363031,
    "ndcg_cut_10": 0.6639834280064327
  }
}