{
  "k": 10,
  "num_queries_eval": 248,
  "metrics": {
    "recall_10": 0.7419354838709677,
    "map_cut_10": 0.5518177163338451,
    "ndcg_cut_10": 0.6529787678684155
  }
}