{
  "k": 10,
  "num_queries_eval": 248,
  "metrics": {
    "recall_10": 0.842741935483871,
    "map_cut_10": 0.6967813940092167,
    "ndcg_cut_10": 0.7822848022527777
  }
}