{
  "k": 10,
  "num_queries_eval": 248,
  "metrics": {
    "recall_10": 0.6915322580645161,
    "map_cut_10": 0.5075932859703023,
    "ndcg_cut_10": 0.6097897325336709
  }
}