{
  "file": "outputs/rag/dpel_kept_bm25_k4_gpt4o_full.jsonl",
  "total_items": 1659,
  "ok_items": 1659,
  "f1_mean": 0.44578526444797767,
  "rouge_l_f1_mean": 0.33309301121002227,
  "use_llm_judge": true,
  "judge_model": "gpt-4o-mini",
  "gpt_answer_relevance_mean": 4.264617239300784,
  "gpt_answer_faithfulness_mean": 3.3248945147679323,
  "use_nli": true,
  "nli_model": "cross-encoder/nli-deberta-v3-small",
  "nli_entailment_mean": 0.2847382891908868,
  "nli_contradiction_mean": 0.03887863543083358,
  "reused_items": 1659,
  "fresh_items": 0
}