{
  "file": "outputs/rag/dpel_kept_e5_k4_gpt4o_full.jsonl",
  "total_items": 1659,
  "ok_items": 1659,
  "f1_mean": 0.45020996751867653,
  "rouge_l_f1_mean": 0.3365866016113755,
  "use_llm_judge": true,
  "judge_model": "gpt-4o-mini",
  "gpt_answer_relevance_mean": 4.321880650994575,
  "gpt_answer_faithfulness_mean": 3.378541289933695,
  "use_nli": true,
  "nli_model": "cross-encoder/nli-deberta-v3-small",
  "nli_entailment_mean": 0.3013375185942315,
  "nli_contradiction_mean": 0.03739220883224827,
  "reused_items": 1659,
  "fresh_items": 0
}