{
  "k": 10,
  "num_queries_eval": 248,
  "metrics": {
    "recall_10": 0.6995967741935484,
    "map_cut_10": 0.4347462237583204,
    "ndcg_cut_10": 0.5538474814713753
  }
}