{
  "file": "outputs/rag/dpel_kept_bm25_e5_rerank_k4_gpt4o_full.jsonl",
  "total_items": 1659,
  "ok_items": 1659,
  "f1_mean": 0.4535641963297684,
  "rouge_l_f1_mean": 0.3404772871618137,
  "use_llm_judge": true,
  "judge_model": "gpt-4o-mini",
  "gpt_answer_relevance_mean": 4.352622061482821,
  "gpt_answer_faithfulness_mean": 3.3954189270644966,
  "use_nli": true,
  "nli_model": "cross-encoder/nli-deberta-v3-small",
  "nli_entailment_mean": 0.30752879743247713,
  "nli_contradiction_mean": 0.034146712675337816,
  "reused_items": 1659,
  "fresh_items": 0
}