{
  "k": 10,
  "num_queries_eval": 143,
  "metrics": {
    "recall_10": 0.8566433566433567,
    "map_cut_10": 0.7069014319014321,
    "ndcg_cut_10": 0.787381147405065
  }
}