{
  "k": 10,
  "num_queries_eval": 143,
  "metrics": {
    "recall_10": 0.6538461538461539,
    "map_cut_10": 0.46267205017205026,
    "ndcg_cut_10": 0.5614259077546878
  }
}