{
  "k": 10,
  "num_queries_eval": 143,
  "metrics": {
    "recall_10": 0.7727272727272727,
    "map_cut_10": 0.5544372294372294,
    "ndcg_cut_10": 0.6656244046919376
  }
}