{
  "k": 10,
  "num_queries_eval": 143,
  "metrics": {
    "recall_10": 0.7482517482517482,
    "map_cut_10": 0.5491536241536242,
    "ndcg_cut_10": 0.6564566344573265
  }
}