{
  "k": 10,
  "num_queries_eval": 143,
  "metrics": {
    "recall_10": 0.6713286713286714,
    "map_cut_10": 0.4738400488400489,
    "ndcg_cut_10": 0.5814728570049602
  }
}