{
  "bm25": {
    "Recall@10": 0.71875,
    "MAP@10": 0.5081969246031746,
    "nDCG@10": 0.6060801361091206,
    "Both@10": 0.5625,
    "SRC-only@10": 0.1375,
    "TGT-only@10": 0.175,
    "Neither@10": 0.125,
    "num_qrels": 80.0,
    "num_run_qids": 2608.0,
    "num_overlap_qids": 80.0
  },
  "e5": {
    "Recall@10": 0.88125,
    "MAP@10": 0.7424454365079365,
    "nDCG@10": 0.8225876798425548,
    "Both@10": 0.775,
    "SRC-only@10": 0.1,
    "TGT-only@10": 0.1125,
    "Neither@10": 0.0125,
    "num_qrels": 80.0,
    "num_run_qids": 2608.0,
    "num_overlap_qids": 80.0
  },
  "rrf": {
    "Recall@10": 0.8875,
    "MAP@10": 0.6917906746031746,
    "nDCG@10": 0.7813274401763989,
    "Both@10": 0.8,
    "SRC-only@10": 0.05,
    "TGT-only@10": 0.125,
    "Neither@10": 0.025,
    "num_qrels": 80.0,
    "num_run_qids": 2608.0,
    "num_overlap_qids": 80.0
  },
  "ce_rerank_union200": {
    "Recall@10": 0.34375,
    "MAP@10": 0.12253720238095238,
    "nDCG@10": 0.20148384850202056,
    "Both@10": 0.125,
    "SRC-only@10": 0.1875,
    "TGT-only@10": 0.25,
    "Neither@10": 0.4375,
    "num_qrels": 80.0,
    "num_run_qids": 2608.0,
    "num_overlap_qids": 80.0
  }
}
