{
  "bm25": {
    "Recall@10": 0.8863636363636364,
    "MAP@10": 0.6448818542568543,
    "nDCG@10": 0.7482846526974747,
    "Both@10": 0.7954545454545454,
    "SRC-only@10": 0.06818181818181818,
    "TGT-only@10": 0.11363636363636363,
    "Neither@10": 0.022727272727272728,
    "num_qrels": 44.0,
    "num_run_qids": 2199.0,
    "num_overlap_qids": 44.0
  },
  "e5": {
    "Recall@10": 0.9204545454545454,
    "MAP@10": 0.7292568542568543,
    "nDCG@10": 0.81668593255197,
    "Both@10": 0.8409090909090909,
    "SRC-only@10": 0.11363636363636363,
    "TGT-only@10": 0.045454545454545456,
    "Neither@10": 0.0,
    "num_qrels": 44.0,
    "num_run_qids": 2199.0,
    "num_overlap_qids": 44.0
  },
  "rrf": {
    "Recall@10": 0.9659090909090909,
    "MAP@10": 0.7376262626262626,
    "nDCG@10": 0.8211847731784142,
    "Both@10": 0.9318181818181818,
    "SRC-only@10": 0.045454545454545456,
    "TGT-only@10": 0.022727272727272728,
    "Neither@10": 0.0,
    "num_qrels": 44.0,
    "num_run_qids": 2199.0,
    "num_overlap_qids": 44.0
  },
  "ce_rerank_union200": {
    "Recall@10": 0.5,
    "MAP@10": 0.17325487012987015,
    "nDCG@10": 0.28576655737021817,
    "Both@10": 0.2727272727272727,
    "SRC-only@10": 0.11363636363636363,
    "TGT-only@10": 0.3409090909090909,
    "Neither@10": 0.2727272727272727,
    "num_qrels": 44.0,
    "num_run_qids": 2199.0,
    "num_overlap_qids": 44.0
  }
}
