{
  "bm25": {
    "Recall@10": 0.88,
    "MAP@10": 0.6571269841269841,
    "nDCG@10": 0.7598101306877685,
    "Both@10": 0.78,
    "SRC-only@10": 0.1,
    "TGT-only@10": 0.1,
    "Neither@10": 0.02,
    "num_qrels": 50.0,
    "num_run_qids": 2199.0,
    "num_overlap_qids": 50.0
  },
  "e5": {
    "Recall@10": 0.96,
    "MAP@10": 0.7670238095238094,
    "nDCG@10": 0.8468428044140712,
    "Both@10": 0.92,
    "SRC-only@10": 0.06,
    "TGT-only@10": 0.02,
    "Neither@10": 0.0,
    "num_qrels": 50.0,
    "num_run_qids": 2199.0,
    "num_overlap_qids": 50.0
  },
  "rrf": {
    "Recall@10": 0.97,
    "MAP@10": 0.7616984126984128,
    "nDCG@10": 0.845544497739332,
    "Both@10": 0.94,
    "SRC-only@10": 0.06,
    "TGT-only@10": 0.0,
    "Neither@10": 0.0,
    "num_qrels": 50.0,
    "num_run_qids": 2199.0,
    "num_overlap_qids": 50.0
  },
  "ce_rerank_union200": {
    "Recall@10": 0.45,
    "MAP@10": 0.150515873015873,
    "nDCG@10": 0.255744983971196,
    "Both@10": 0.2,
    "SRC-only@10": 0.14,
    "TGT-only@10": 0.36,
    "Neither@10": 0.3,
    "num_qrels": 50.0,
    "num_run_qids": 2199.0,
    "num_overlap_qids": 50.0
  }
}
