{
  "bm25": {
    "Recall@10": 0.75,
    "MAP@10": 0.5398595848595849,
    "nDCG@10": 0.642136304825532,
    "Both@10": 0.5615384615384615,
    "SRC-only@10": 0.2230769230769231,
    "TGT-only@10": 0.15384615384615385,
    "Neither@10": 0.06153846153846154,
    "num_qrels": 130.0,
    "num_run_qids": 2608.0,
    "num_overlap_qids": 130.0
  },
  "e5": {
    "Recall@10": 0.8269230769230769,
    "MAP@10": 0.620236568986569,
    "nDCG@10": 0.7182672512034144,
    "Both@10": 0.676923076923077,
    "SRC-only@10": 0.18461538461538463,
    "TGT-only@10": 0.11538461538461539,
    "Neither@10": 0.023076923076923078,
    "num_qrels": 130.0,
    "num_run_qids": 2608.0,
    "num_overlap_qids": 130.0
  },
  "rrf": {
    "Recall@10": 0.8461538461538461,
    "MAP@10": 0.6688934676434677,
    "nDCG@10": 0.7554110580741852,
    "Both@10": 0.7153846153846154,
    "SRC-only@10": 0.15384615384615385,
    "TGT-only@10": 0.1,
    "Neither@10": 0.03076923076923077,
    "num_qrels": 130.0,
    "num_run_qids": 2608.0,
    "num_overlap_qids": 130.0
  },
  "ce_rerank_union200": {
    "Recall@10": 0.3346153846153846,
    "MAP@10": 0.12486568986568986,
    "nDCG@10": 0.2016623543322249,
    "Both@10": 0.13846153846153847,
    "SRC-only@10": 0.23076923076923078,
    "TGT-only@10": 0.16153846153846155,
    "Neither@10": 0.46923076923076923,
    "num_qrels": 130.0,
    "num_run_qids": 2608.0,
    "num_overlap_qids": 130.0
  }
}
