corpus,method,Recall@10,MAP@10,nDCG@10,Both@10,SRC-only@10,TGT-only@10,Neither@10,both_tags_frac,has_citation_like_frac,avg_len_words,avg_rougeL_f1,avg_passage_overlap_frac,avg_gpt_relevance,avg_gpt_faithfulness,avg_nli_confidence,nli_entailment_frac,nli_contradiction_frac,nli_neutral_frac
adgm,bm25,0.7239583333333334,0.5556072255291006,0.6515358754599153,0.5104166666666666,0.20833333333333334,0.21875,0.0625,1.0,0.6042,208.0833,0.5012,0.5044,0.9825,0.9647,3.4385,36,2,58
adgm,e5,0.8125,0.6548466435185185,0.7426475351977544,0.65625,0.22916666666666666,0.08333333333333333,0.03125,,,,,,,,,,,
adgm,rrf,0.8385416666666666,0.6309689153439153,0.7287597079565828,0.6979166666666666,0.16666666666666666,0.11458333333333333,0.020833333333333332,,,,,,,,,,,
adgm,ce_rerank_union200,0.3020833333333333,0.08408151455026454,0.15653145881838246,0.11458333333333333,0.21875,0.15625,0.5104166666666666,,,,,,,,,,,
