{
  "corpus": {
    "name": "ukfin"
  },
  "corpus_statistics": {
    "num_passages": 38916,
    "num_documents": 334,
    "passage_length_tokens": {
      "mean": 28.907801418439718,
      "median": 20.0,
      "min": 4,
      "max": 560,
      "stdev": 27.95937159549808
    },
    "passage_length_chars": {
      "mean": 176.85931236509404,
      "median": 122.0,
      "min": 25,
      "max": 3504,
      "stdev": 171.9382679928775
    },
    "sentences_per_passage": {
      "mean": 1.6274283071230342,
      "median": 1.0,
      "min": 1,
      "max": 17,
      "stdev": 1.1444673657211646
    },
    "passage_length_histogram": {
      "0-10": 9291,
      "10-50": 23351,
      "50-100": 5073,
      "100-200": 1148,
      "200+": 53
    },
    "doc_passages_histogram": {
      "1": 27,
      "2-10": 41,
      "11-100": 166,
      "101-1000": 97,
      "1000+": 3
    },
    "vocabulary": {
      "size": 29328,
      "type_token_ratio": 0.026069889490975807,
      "avg_chars_per_token": 6.1180478516875025
    }
  },
  "crossref_statistics": {
    "num_edges": 4554,
    "unique_source_passages": 3186,
    "unique_target_passages": 147,
    "unique_paired_passages": 3333,
    "within_vs_cross_doc": {
      "within_doc": 0,
      "cross_doc": 4554,
      "within_ratio": 0.0
    },
    "degree_statistics": {
      "out_degree": {
        "mean": 1.4293785310734464,
        "median": 1.0,
        "min": 1,
        "max": 20
      },
      "in_degree": {
        "mean": 30.979591836734695,
        "median": 11,
        "min": 1,
        "max": 325
      }
    },
    "components": {
      "num_components": 147,
      "largest_component_size": 160,
      "component_sizes": [
        145,
        90,
        28,
        95,
        30,
        37,
        31,
        21,
        62,
        4,
        33,
        34,
        158,
        57,
        11,
        17,
        57,
        25,
        10,
        6,
        160,
        70,
        25,
        12,
        107,
        47,
        10,
        84,
        22,
        12,
        18,
        25,
        158,
        11,
        38,
        10,
        62,
        11,
        8,
        12,
        19,
        28,
        50,
        5,
        39,
        16,
        50,
        3,
        3,
        5
      ]
    },
    "coverage": {
      "source_passage_coverage_pct": 8.19,
      "target_passage_coverage_pct": 0.38,
      "any_passage_coverage_pct": 8.56
    }
  },
  "benchmark_statistics": {
    "pipeline_by_method_persona": {
      "DPEL_basic": {
        "method": "DPEL",
        "persona": "basic",
        "pipeline": {
          "generated": 377,
          "keep": 74,
          "judge": 239,
          "judged_keep": 190,
          "final": 254
        },
        "attrition_rates_pct": {
          "generated_to_keep": 80.4,
          "judge_to_judged_keep": 20.5,
          "overall": 32.6
        },
        "question_length": {
          "median": 45,
          "mean": 45.80106100795756,
          "min": 20,
          "max": 67
        },
        "answer_length": {
          "median": 179,
          "mean": 179.54907161803715,
          "min": 113,
          "max": 239
        },
        "lexical_diversity": {
          "unique_tokens_questions": 3178,
          "unique_tokens_answers": 8205
        }
      },
      "DPEL_professional": {
        "method": "DPEL",
        "persona": "professional",
        "pipeline": {
          "generated": 386,
          "keep": 96,
          "judge": 231,
          "judged_keep": 190,
          "final": 275
        },
        "attrition_rates_pct": {
          "generated_to_keep": 75.1,
          "judge_to_judged_keep": 17.7,
          "overall": 28.8
        },
        "question_length": {
          "median": 53.0,
          "mean": 53.056994818652846,
          "min": 32,
          "max": 84
        },
        "answer_length": {
          "median": 190.5,
          "mean": 190.20466321243524,
          "min": 107,
          "max": 244
        },
        "lexical_diversity": {
          "unique_tokens_questions": 3704,
          "unique_tokens_answers": 8600
        }
      },
      "SCHEMA_basic": {
        "method": "SCHEMA",
        "persona": "basic",
        "pipeline": {
          "generated": 920,
          "keep": 128,
          "judge": 527,
          "judged_keep": 380,
          "final": 445
        },
        "attrition_rates_pct": {
          "generated_to_keep": 86.1,
          "judge_to_judged_keep": 27.9,
          "overall": 51.6
        },
        "question_length": {
          "median": 41.0,
          "mean": 41.481521739130436,
          "min": 21,
          "max": 82
        },
        "answer_length": {
          "median": 167.0,
          "mean": 166.9532608695652,
          "min": 128,
          "max": 223
        },
        "lexical_diversity": {
          "unique_tokens_questions": 4429,
          "unique_tokens_answers": 12008
        }
      },
      "SCHEMA_professional": {
        "method": "SCHEMA",
        "persona": "professional",
        "pipeline": {
          "generated": 925,
          "keep": 142,
          "judge": 553,
          "judged_keep": 371,
          "final": 414
        },
        "attrition_rates_pct": {
          "generated_to_keep": 84.6,
          "judge_to_judged_keep": 32.9,
          "overall": 55.2
        },
        "question_length": {
          "median": 48,
          "mean": 49.23891891891892,
          "min": 25,
          "max": 96
        },
        "answer_length": {
          "median": 173,
          "mean": 173.53621621621622,
          "min": 137,
          "max": 220
        },
        "lexical_diversity": {
          "unique_tokens_questions": 4947,
          "unique_tokens_answers": 12253
        }
      }
    },
    "pipeline_by_method": {
      "DPEL": {
        "generated": 763,
        "keep": 170,
        "judge": 470,
        "judged_keep": 380,
        "final": 529
      },
      "SCHEMA": {
        "generated": 1845,
        "keep": 270,
        "judge": 1080,
        "judged_keep": 751,
        "final": 859
      }
    },
    "final_overall": {
      "total": 1388,
      "train": 971,
      "dev": 208,
      "test": 209,
      "question_length": {
        "median": 47.0,
        "mean": 47.737752161383284,
        "min": 20,
        "max": 91,
        "stdev": 10.470769619698377,
        "count": 1388
      },
      "answer_length": {
        "median": 175.0,
        "mean": 176.3984149855908,
        "min": 128,
        "max": 243,
        "stdev": 17.924633465395008,
        "count": 1388
      },
      "persona_counts": {
        "professional": 689,
        "basic": 699
      },
      "method_counts": {
        "DPEL": 529,
        "SCHEMA": 859
      },
      "num_personas": 2,
      "num_methods": 2,
      "question_types": {
        "other": 780,
        "when": 392,
        "where": 80,
        "how": 63,
        "what": 63,
        "who": 9,
        "which": 1
      },
      "duplicate_questions": {
        "total_questions": 1388,
        "unique_questions": 1388,
        "duplicate_questions": 0,
        "duplicate_instances": 0,
        "dup_rate_pct": 0.0
      }
    },
    "final_by_method": {
      "DPEL": {
        "total": 529,
        "train": 370,
        "dev": 79,
        "test": 80,
        "question_length": {
          "median": 49,
          "mean": 50.30812854442344,
          "min": 20,
          "max": 84,
          "stdev": 10.07629748086265,
          "count": 529
        },
        "answer_length": {
          "median": 187,
          "mean": 186.4007561436673,
          "min": 131,
          "max": 243,
          "stdev": 19.429214944679515,
          "count": 529
        },
        "persona_counts": {
          "basic": 254,
          "professional": 275
        },
        "num_personas": 2,
        "question_types": {
          "other": 327,
          "where": 20,
          "when": 157,
          "how": 20,
          "what": 3,