{
  "k": 10,
  "QA": {
    "DPEL": {
      "BM25": {
        "train": {
          "n_qas": 319,
          "recall@10": 0.8307210031347962,
          "map@10": 0.6422718564959944,
          "ndcg@10": 0.7358855467440314,
          "f1": 0.5264182904856667,
          "rouge_l_f1": 0.3963834923809246,
          "gpt_answer_relevance": 4.5423197492163006,
          "gpt_answer_faithfulness": 3.6927899686520376,
          "nli_entailment": 0.43917737016788877,
          "nli_contradiction": 0.02488211370600323
        },
        "dev": {
          "n_qas": 40,
          "recall@10": 0.8125,
          "map@10": 0.6520138888888889,
          "ndcg@10": 0.7347835373853941,
          "f1": 0.513280301129252,
          "rouge_l_f1": 0.3914969751494167,
          "gpt_answer_relevance": 4.65,
          "gpt_answer_faithfulness": 3.725,
          "nli_entailment": 0.37551075108867044,
          "nli_contradiction": 0.030075239052614833
        },
        "test": {
          "n_qas": 40,
          "recall@10": 0.8875,
          "map@10": 0.6882142857142857,
          "ndcg@10": 0.7906500469985633,
          "f1": 0.5447666300504806,
          "rouge_l_f1": 0.4224453351039016,
          "gpt_answer_relevance": 4.8,
          "gpt_answer_faithfulness": 4.025,
          "nli_entailment": 0.47068878005470954,
          "nli_contradiction": 0.02151058946366209
        }
      },
      "E5": {
        "train": {
          "n_qas": 319,
          "recall@10": 0.9263322884012539,
          "map@10": 0.7087917350848385,
          "ndcg@10": 0.8034693060258166,
          "f1": 0.5441452143203649,
          "rouge_l_f1": 0.4119333483625012,
          "gpt_answer_relevance": 4.721003134796239,
          "gpt_answer_faithfulness": 3.8746081504702192,
          "nli_entailment": 0.48102909829723967,
          "nli_contradiction": 0.021135073669853757
        },
        "dev": {
          "n_qas": 40,
          "recall@10": 0.9125,
          "map@10": 0.6833928571428571,
          "ndcg@10": 0.7825510582822668,
          "f1": 0.5460200930067096,
          "rouge_l_f1": 0.42017794355411225,
          "gpt_answer_relevance": 4.775,
          "gpt_answer_faithfulness": 3.825,
          "nli_entailment": 0.4568892504211267,
          "nli_contradiction": 0.01594143827741607
        },
        "test": {
          "n_qas": 40,
          "recall@10": 0.85,
          "map@10": 0.6482738095238095,
          "ndcg@10": 0.7480618024572053,
          "f1": 0.5255302277374756,
          "rouge_l_f1": 0.4072772437357742,
          "gpt_answer_relevance": 4.65,
          "gpt_answer_faithfulness": 3.75,
          "nli_entailment": 0.4669086217718064,
          "nli_contradiction": 0.018634056739180907
        }
      },
      "BGE": {
        "train": {
          "n_qas": 319,
          "recall@10": 0.8918495297805643,
          "map@10": 0.6907193859780066,
          "ndcg@10": 0.7852050446521421,
          "f1": 0.5313129012357163,
          "rouge_l_f1": 0.4012758312835388,
          "gpt_answer_relevance": 4.6269592476489025,
          "gpt_answer_faithfulness": 3.7523510971786833,
          "nli_entailment": 0.4461331010085043,
          "nli_contradiction": 0.02201305125624697
        },
        "dev": {
          "n_qas": 40,
          "recall@10": 0.9375,
          "map@10": 0.6993849206349206,
          "ndcg@10": 0.7922090941646956,
          "f1": 0.5313914396553477,
          "rouge_l_f1": 0.4085825309858978,
          "gpt_answer_relevance": 4.55,
          "gpt_answer_faithfulness": 3.575,
          "nli_entailment": 0.41324926455871414,
          "nli_contradiction": 0.02110089797279952
        },
        "test": {
          "n_qas": 40,
          "recall@10": 0.8625,
          "map@10": 0.6618253968253968,
          "ndcg@10": 0.7668009032837008,
          "f1": 0.5382886223401346,
          "rouge_l_f1": 0.42500008354572294,
          "gpt_answer_relevance": 4.575,
          "gpt_answer_faithfulness": 3.875,
          "nli_entailment": 0.46099676537727124,
          "nli_contradiction": 0.02766693488386755
        }
      },
      "BM25_E5_RERANK": {
        "train": {
          "n_qas": 319,
          "recall@10": 0.9090909090909091,
          "map@10": 0.7212133651788823,
          "ndcg@10": 0.8078776270563413,
          "f1": 0.5526538647769106,
          "rouge_l_f1": 0.41946212709395786,
          "gpt_answer_relevance": 4.77115987460815,
          "gpt_answer_faithfulness": 3.946708463949843,
          "nli_entailment": 0.4949938331959031,
          "nli_contradiction": 0.018197169234568204
        },
        "dev": {
          "n_qas": 40,
          "recall@10": 0.925,
          "map@10": 0.7014880952380953,
          "ndcg@10": 0.7956564228810805,
          "f1": 0.5448619606327598,
          "rouge_l_f1": 0.4114012456300789,
          "gpt_answer_relevance": 4.775,
          "gpt_answer_faithfulness": 3.925,
          "nli_entailment": 0.5138841823081384,
          "nli_contradiction": 0.019965620443410357
        },
        "test": {
          "n_qas": 40,
          "recall@10": 0.825,
          "map@10": 0.6544047619047618,
          "ndcg@10": 0.7447476753435486,
          "f1": 0.5401173483770084,
          "rouge_l_f1": 0.4174486193944073,
          "gpt_answer_relevance": 4.725,
          "gpt_answer_faithfulness": 3.875,
          "nli_entailment": 0.49026192939069524,
          "nli_contradiction": 0.028656280067572794
        }
      },
      "HYBRID_RRF": {
        "train": {
          "n_qas": 319,
          "recall@10": 0.9811912225705329,
          "map@10": 0.8619881076777628,
          "ndcg@10": 0.9146613423851084,
          "f1": 0.5820978660895593,
          "rouge_l_f1": 0.44736490216175784,
          "gpt_answer_relevance": 4.918495297805642,
          "gpt_answer_faithfulness": 4.150470219435737,
          "nli_entailment": 0.5286662537785185,
          "nli_contradiction": 0.020181250228762448
        },
        "dev": {
          "n_qas": 40,
          "recall@10": 0.9875,
          "map@10": 0.8745833333333334,
          "ndcg@10": 0.9271891670509909,
          "f1": 0.5780632365667178,
          "rouge_l_f1": 0.4559236433075731,
          "gpt_answer_relevance": 4.925,
          "gpt_answer_faithfulness": 4.125,
          "nli_entailment": 0.46773038938583483,
          "nli_contradiction": 0.016099554838845592
        },
        "test": {
          "n_qas": 40,
          "recall@10": 0.95,
          "map@10": 0.8314880952380952,
          "ndcg@10": 0.8892280148880947,
          "f1": 0.6018296055281259,
          "rouge_l_f1": 0.4667937729744276,
          "gpt_answer_relevance": 4.95,
          "gpt_answer_faithfulness": 4.35,
          "nli_entailment": 0.5901365977806078,
          "nli_contradiction": 0.009663528391840936
        }
      }
    },
    "SCHEMA": {
      "BM25": {
        "train": {
          "n_qas": 166,
          "recall@10": 0.7530120481927711,
          "map@10": 0.5452691719257984,
          "ndcg@10": 0.6485433040999722,
          "f1": 0.5146693619621425,
          "rouge_l_f1": 0.3344899404461208,
          "gpt_answer_relevance": 4.554216867469879,
          "gpt_answer_faithfulness": 3.6566265060240966,
          "nli_entailment": 0.5037077013658721,
          "nli_contradiction": 0.006988162102349244
        },
        "dev": {
          "n_qas": 21,
          "recall@10": 0.8333333333333334,
          "map@10": 0.7293650793650793,
          "ndcg@10": 0.7883559490795374,
          "f1": 0.531552088467393,
          "rouge_l_f1": 0.3178067315261116,
          "gpt_answer_relevance": 4.761904761904762,
          "gpt_answer_faithfulness": 3.9523809523809526,
          "nli_entailment": 0.44094871704228,
          "nli_contradiction": 0.0012880956688829579
        },
        "test": {
          "n_qas": 20,
          "recall@10": 0.8,
          "map@10": 0.6767261904761905,
          "ndcg@10": 0.7621235860534095,
          "f1": 0.5446987781309731,
          "rouge_l_f1": 0.35183571684411735,