corpus,method,Recall@10,MAP@10,nDCG@10,Both@10,SRC-only@10,TGT-only@10,Neither@10,both_tags_frac,has_citation_like_frac,avg_len_words,avg_rougeL_f1,avg_passage_overlap_frac,avg_gpt_relevance,avg_gpt_faithfulness,avg_nli_confidence,nli_entailment_frac,nli_contradiction_frac,nli_neutral_frac
ukfin,bm25,0.42857142857142855,0.38571428571428573,0.4071921293621078,0.42857142857142855,0.0,0.0,0.5714285714285714,1.0,0.5,207.5,0.469,0.5131,0.985,0.9775,4.2162,0,0,4
ukfin,e5,0.42857142857142855,0.39285714285714285,0.42857142857142855,0.2857142857142857,0.2857142857142857,0.0,0.42857142857142855,1.0,0.5,193.25,0.469,0.5381,0.9875,0.9775,4.0121,1,0,3
ukfin,rrf,0.5,0.42857142857142855,0.46629544608179874,0.42857142857142855,0.14285714285714285,0.0,0.42857142857142855,1.0,0.5,201.5,0.5116,0.5535,0.995,0.9925,4.4013,0,0,4
ukfin,ce_rerank_union200,0.07142857142857142,0.014285714285714287,0.03388538753847089,0.0,0.0,0.14285714285714285,0.8571428571428571,1.0,0.5,196.25,0.4615,0.5616,0.985,0.9725,4.1175,0,0,4
